locationid,Applicant,cnn,Address
1569152,Datam SF LLC dba Anzu To You,12463000,2535 TAYLOR ST
1569145,Casita Vegana,7553000,Assessors Block 7283/Lot004
1565593,MOMO INNOVATION LLC,3527000,351 CALIFORNIA ST
1565571,MOMO INNOVATION LLC,3525000,101 CALIFORNIA ST
1565954,Treats by the Bay LLC,10624001,1 MONTGOMERY ST
1565594,MOMO INNOVATION LLC,9094000,667 MISSION ST
1565628,Treats by the Bay LLC,5170000,120 ELLIS ST
1565413,MOMO INNOVATION LLC,3420000,1 BUSH ST
1047831,The Chef Station,480000,8 10TH ST
1565625,Treats by the Bay LLC,8762102,2029 MARKET ST
1565414,MOMO INNOVATION LLC,9090000,555 MISSION ST
1565623,Treats by the Bay LLC,7034000,201 02ND ST
1577123,El Calamar Perubian Food Truck,9091000,85 02ND ST
1577179,BH & MT LLC,736000,3253 16TH ST
1577113,"BOWL'D ACAI, LLC.",8122000,200 LARKIN ST
1577178,BH & MT LLC,6565000,1477 GROVE ST
1577204,"The New York Frankfurter Co. of CA, Inc. DBA: Annie's Hot Dogs",24892000,800 MARKET ST
1577206,"The New York Frankfurter Co. of CA, Inc. DBA: Annie's Hot Dogs",12195000,101 STOCKTON ST
1577177,BH & MT LLC,6563000,1265 GROVE ST
1577112,"BOWL'D ACAI, LLC.",2753000,111 BATTERY ST
1577174,BH & MT LLC,10770000,949 PRESIDIO AVE
1577205,"The New York Frankfurter Co. of CA, Inc. DBA: Annie's Hot Dogs",8747202,870 MARKET ST
1577173,BH & MT LLC,10048000,170 OTIS ST
1577114,"BOWL'D ACAI, LLC.",9301000,451 MONTGOMERY ST
1577176,BH & MT LLC,25871000,2001 MARKET ST
1577175,BH & MT LLC,1232000,401 23RD ST
1571753,The Geez Freeze,887000,3750 18TH ST
1577180,BH & MT LLC,8764101,2145 MARKET ST
1577115,"BOWL'D ACAI, LLC.",3357000,15 MARINA BLVD
934719,"Santana ESG, Inc.",11542000,1 SANSOME ST
1509789,Plaza Garibaldy,3529000,475 CALIFORNIA ST
934586,May Catering,12685000,630 TREAT AVE
1336741,Quan Catering,3376000,1575 BURKE AVE
1337426,Liang Bai Ping,10215000,Assessors Block /Lot
848184,Reecees Soulicious,2799106,201 BAY SHORE BLVD
1332942,Mini Mobile Food Catering,5861002,147 FREMONT ST
1343831,Got Snacks,184001,1020 03RD ST
934616,May Catering,4909000,1600 DONNER AVE
934516,Scotch Bonnet,101000,50 01ST ST
934608,May Catering,3889000,Assessors Block 3810/Lot008
1544286,Cochinita,2868000,501 BEALE ST
1336675,Mike's Catering,1232000,435 23RD ST
1337425,Liang Bai Ping,10215000,931 PALOU AVE
1580927,Park's Catering,9563000,300 NEWHALL ST
1580924,Park's Catering,9504000,190 NAPOLEON ST
1580919,Park's Catering,7254000,Assessors Block 4645/Lot015
1580915,Park's Catering,5337000,1801 EVANS AVE
1575168,Buenafe,9199000,901 16TH ST
1571659,"San Francisco Carts & Concessions, Inc. DBA Stanley's Steamers Hot Dogs",10628000,345 STOCKTON ST
1575155,Papalote Inc.,107000,505 HOWARD ST
1575171,Buenafe,5335000,750 PHELPS ST
1571657,"San Francisco Carts & Concessions, Inc. DBA Stanley's Steamers Hot Dogs",6109000,233 GEARY ST
1571649,DO UC US Mobile Catering,8700000,2590 MARIN ST
1575218,"Bay Area Mobile Catering, Inc. dba. Taqueria Angelica's",9108000,1455 MARKET ST
1568970,Fillmore Square,13536101,1223 WEBSTER ST
1568948,Senor Sisig,5170000,120 ELLIS ST
1568992,La Jefa,2801102,531 BAY SHORE BLVD
1568972,Fillmore Square,5543000,1290 FILLMORE ST
1568947,Senor Sisig,132000,120 02ND ST
1568998,Think is Good Inc.,3528000,430 CALIFORNIA ST
1568951,Senor Sisig,10456000,300 PINE ST
1568999,Think is Good Inc.,9090000,560 MISSION ST
1568966,CARDONA'S FOOD TRUCK,9114000,1888 MISSION ST
1568965,CARDONA'S FOOD TRUCK,9114000,1800 MISSION ST
1568973,Fillmore Square,5543000,1245 FILLMORE ST
1568997,Think is Good Inc.,10454000,100 PINE ST
1568883,Senor Sisig,3525000,101 CALIFORNIA ST
1568971,Fillmore Square,5071000,1290 FILLMORE ST
1568959,Senor Sisig,5874000,90 BROADWAY
1568975,California Kahve,7922000,1234 GREAT HWY
1568884,Senor Sisig,9097000,901 MISSION ST
1568961,Senor Sisig,480000,8 10TH ST
1575170,Buenafe,10927000,220 RANKIN ST
1568960,Senor Sisig,3143000,90 BROADWAY
1571648,DO UC US Mobile Catering,19986000,1420 04TH ST
1571646,DO UC US Mobile Catering,10293000,400 PARNASSUS AVE
1575216,"Bay Area Mobile Catering, Inc. dba. Taqueria Angelica's",1428000,3065 25TH ST
1571658,"San Francisco Carts & Concessions, Inc. DBA Stanley's Steamers Hot Dogs",6109000,251 GEARY ST
1571647,DO UC US Mobile Catering,185104,1501 03RD ST
1575217,"Bay Area Mobile Catering, Inc. dba. Taqueria Angelica's",5683000,1501 FOLSOM ST
963998,Singh Brothers Ice Cream,10327000,360 PENINSULA AVE
1529950,Bonito Poke,7032000,400 HOWARD ST
934577,May Catering,9056000,900 MINNESOTA ST
1575215,"Bay Area Mobile Catering, Inc. dba. Taqueria Angelica's",2471000,1301 CESAR CHAVEZ ST
1571660,"San Francisco Carts & Concessions, Inc. DBA Stanley's Steamers Hot Dogs",6108000,100 GEARY ST
1575156,Papalote Inc.,12044000,60 SPEAR ST
1580913,Park's Catering,4615000,1650 DAVIDSON AVE
1174517,CC Acquisition LLC,8739201,298 MARKET ST
1580917,Park's Catering,5582000,Assessors Block 4755/Lot049
1535606,Wu Wei LLC dba MoBowl,12160001,75 HOWARD ST
1580925,Park's Catering,9563000,330 NEWHALL ST
1580911,Park's Catering,3376000,1555 BURKE AVE
1580914,Park's Catering,5329000,1000 EVANS AVE
1580916,Park's Catering,5340000,2020 EVANS AVE
1580909,Park's Catering,2477000,2323 CESAR CHAVEZ ST
1580908,Park's Catering,202101,3801 03RD ST
1580918,Park's Catering,7253000,Assessors Block 4644/Lot008
1576354,San Francisco's Hometown Creamery,6109000,281 GEARY ST
963989,Singh Brothers Ice Cream,13780000,1420 YOSEMITE AVE
1163787,"SOHOMEI, LLC",8848000,500 MASONIC AVE
1184866,Subs on Hubs,0,Assessors Block 8711/Lot021
1163793,"SOHOMEI, LLC",2488201,3300 CESAR CHAVEZ ST
1181512,John's Catering #5,6834000,2200 HAYES ST
1022810,Serendipity SF,3528000,400 CALIFORNIA ST
1181510,John's Catering #5,12726000,1003 TURK ST
1181499,John's Catering #5,9090000,560 MISSION ST
1580910,Park's Catering,3376000,1570 BURKE AVE
1580921,Park's Catering,8700000,2525 MARIN ST
1580905,Park's Catering,10397000,525 PHELPS ST
1580926,Park's Catering,9563000,220 NEWHALL ST
1580920,Park's Catering,8483000,10 LOOMIS ST
1580912,Park's Catering,3376000,1575 BURKE AVE
1580922,Park's Catering,9206000,1200 MISSISSIPPI ST
1580923,Park's Catering,9504000,250 NAPOLEON ST
1580906,Park's Catering,10927000,220 RANKIN ST
1580907,Park's Catering,198201,3450 03RD ST
1576239,Natan's Catering,8694000,888 MARIN ST
1515710,Zuri Food Facilities,8722000,1601 MARIPOSA ST
1576216,Natan's Catering,10827000,50 QUINT ST
1576230,Natan's Catering,5340000,2045 EVANS AVE
1576241,Natan's Catering,9212000,555 MISSOURI ST
1576386,San Francisco's Hometown Creamery,10456000,301 PINE ST
1576209,Natan's Catering,0,Assessors Block 4058/Lot010
1576233,Natan's Catering,698000,600 16TH ST
1576226,Natan's Catering,3376000,1580 BURKE AVE
1576375,San Francisco's Hometown Creamery,3528000,425 CALIFORNIA ST
1576210,Natan's Catering,0,Assessors Block 4227/Lot012
1576208,Natan's Catering,0,Assessors Block 4172/Lot010
1576212,Natan's Catering,0,Assessors Block 4046/Lot001
1576238,Natan's Catering,797000,3335 17TH ST
1576219,Natan's Catering,15019101,Assessors Block 8732/Lot001
1576217,Natan's Catering,1232000,435 23RD ST
1576229,Natan's Catering,5337000,1801 EVANS AVE
1576236,Natan's Catering,7174000,Assessors Block 4296/Lot010
1576218,Natan's Catering,1400001,Assessors Block 4241/Lot002
1576206,Natan's Catering,0,Assessors Block 5598/Lot031
1576387,San Francisco's Hometown Creamery,10628000,340 POST ST
1576228,Natan's Catering,4345000,146 CONNECTICUT ST
1576223,Natan's Catering,197101,3201 03RD ST
1576222,Natan's Catering,188101,2101 03RD ST
1576213,Natan's Catering,0,Assessors Block 5216/Lot030
1576369,San Francisco's Hometown Creamery,6109000,281 GEARY ST
1576221,Natan's Catering,185205,1650 03RD ST
1576214,Natan's Catering,0,Assessors Block 4103/Lot023A
1514026,F & C Catering,12491000,1500 TENNESSEE ST
1515285,FRUITYMANIA,8747102,801 MARKET ST
1513358,Brazuca Grill,187101,2085 03RD ST
1549615,Roadside Rotisserie Corporation / Country Grill,5874000,90 BROADWAY
1513354,Brazuca Grill,12484000,815 TENNESSEE ST
1515705,San Pancho's Tacos,3670000,1271 CAPITOL AVE
1515284,FRUITYMANIA,8747202,870 MARKET ST
1529942,Rita's Catering,9100000,1028 MISSION ST
1513368,Brazuca Grill,489000,380 10TH ST
1576227,Natan's Catering,381000,1140 07TH ST
1488716,El Alambre,580000,1800 FOLSOM ST
1516948,Eva's Catering,305000,530 05TH ST
1509787,El Gallo Jiro,1260000,3055 23RD ST
1515703,San Pancho's Tacos,2178101,3119 ALEMANY BLVD
1513362,Brazuca Grill,197101,3305 03RD ST
1513374,Brazuca Grill,7195000,998 INDIANA ST
1513381,Brazuca Grill,9582003,2660 NEWHALL ST
1549613,Roadside Rotisserie Corporation / Country Grill,3075000,333 BRANNAN ST
1512231,"Chairman SF, LLC",9089000,536 MISSION ST
1495113,"Off the Grid Services, LLC",3075000,340 BRANNAN ST
1513375,Brazuca Grill,7195000,951 INDIANA ST
1515850,Philz Coffee Truck,10455000,250 PINE ST
1513376,Brazuca Grill,7200000,1575 INDIANA ST
1514031,F & C Catering,9058000,1275 MINNESOTA ST
1515860,Curry Up Now,179000,601 03RD ST
1529949,Bonito Poke,3528000,430 CALIFORNIA ST
1513030,"San Francisco Street Foods, Inc.",11222000,1 THE EMBARCADERO
1513360,Brazuca Grill,195201,3000 03RD ST
1495093,"Off the Grid Services, LLC",2953000,185 BERRY ST
1515704,San Pancho's Tacos,2801101,491 BAY SHORE BLVD
1549616,Roadside Rotisserie Corporation / Country Grill,2754000,225 BATTERY ST
1513341,El Alambre,5816000,1100 FRANKLIN ST
1513359,Brazuca Grill,187201,2030 03RD ST
1514029,F & C Catering,193201,2800 03RD ST
1513353,Brazuca Grill,12483000,790 TENNESSEE ST
1515707,Zuri Food Facilities,141000,490 02ND ST
1515853,Philz Coffee Truck,8701000,15 MARINA BLVD
1513348,Brazuca Grill,1165000,1255 22ND ST
1513342,El Alambre,5817000,1188 FRANKLIN ST
1534178,Street Meet,6552000,30 GROVE ST
1522411,Faith Sandwich,9090000,560 MISSION ST
1513377,Brazuca Grill,8714000,601 MARIPOSA ST
1513366,Brazuca Grill,2477000,2150 CESAR CHAVEZ ST
1495090,"Off the Grid Services, LLC",2953000,185 BERRY ST
1516946,Eva's Catering,10006000,1199 ORTEGA ST
1513356,Brazuca Grill,1500000,1051 26TH ST
1543851,Truly Food & More,11544000,217 SANSOME ST
1513363,Brazuca Grill,197101,3255 03RD ST
1549612,Roadside Rotisserie Corporation / Country Grill,10624001,1 POST ST
1037692,Munch A Bunch,5882000,365 FULTON ST
1174531,CC Acquisition LLC,8742101,525 MARKET ST
934628,May Catering,8715000,777 MARIPOSA ST
963991,Singh Brothers Ice Cream,6671000,297 HARBOR RD
1181498,John's Catering #5,6711000,401 HARRISON ST
1163794,"SOHOMEI, LLC",9101000,1118 MISSION ST
1181516,John's Catering #5,513000,251 11TH ST
1513373,Brazuca Grill,5762000,500 FRANCISCO ST
1163791,"SOHOMEI, LLC",4083000,432 CLAY ST
963985,Singh Brothers Ice Cream,2710000,1562 BANCROFT AVE
1153604,SPUNBYSS,136000,240 02ND ST
963995,Singh Brothers Ice Cream,4938000,195 KISKA RD
1090089,Tacos El Primo,10829000,1700 EVANS AVE
963992,Singh Brothers Ice Cream,10810000,1191 QUESADA AVE
1163792,"SOHOMEI, LLC",12583000,1 THOMAS MORE WAY
1181505,John's Catering #5,10955000,180 REDWOOD ST
963980,Singh Brothers Ice Cream,6548000,2900 GRIFFITH ST
1163783,"SOHOMEI, LLC",10477000,1540 PINE ST
1199051,Munch India,3528000,400 CALIFORNIA ST
963978,Singh Brothers Ice Cream,6961000,1000 HOLLISTER AVE
1181506,John's Catering #5,9506000,400 HOWARD ST
963979,Singh Brothers Ice Cream,7252000,1173 INGERSON AVE
1181511,John's Catering #5,8845101,270 MASONIC AVE
1090091,Tacos El Primo,7480000,1495 WALLACE AVE
946047,The Huge Hotdog Concession,10567000,1300 POLK ST
1034228,Julie's Hot Dogs,9114000,1850 MISSION ST
934630,May Catering,5329000,1059 EVANS AVE
963984,Singh Brothers Ice Cream,4908000,1475 DONNER AVE
1181501,John's Catering #5,8731000,2500 MARIPOSA ST
1186400,Tres Agaves Mexican Kitchen & Tequila Lounge LLC. dba Tres Truck,711000,1700 16TH ST
934625,May Catering,0,Assessors Block 8710/Lot003
1037689,Munch A Bunch,373000,355 07TH ST
1181515,John's Catering #5,6742000,1830 HARRISON ST
1039786,Julie's Hot Dogs,9117000,2101 MISSION ST
1213203,Marengo,13456000,75 WATERLOO ST
1184867,Subs on Hubs,412000,333 08TH ST
1186399,Tres Agaves Mexican Kitchen & Tequila Lounge LLC. dba Tres Truck,10995000,301 RHODE ISLAND ST
963997,Singh Brothers Ice Cream,9602000,35 NIBBI CT
948140,Eli's Hot Dogs,7504000,101 BAY SHORE BLVD
1037695,Munch A Bunch,12728000,1345 TURK ST
963988,Singh Brothers Ice Cream,10218000,1101 PALOU AVE
1181514,John's Catering #5,7031000,300 HOWARD ST
1163784,"SOHOMEI, LLC",13064000,740 VALENCIA ST
1037690,Munch A Bunch,546000,333 12TH ST
1181509,John's Catering #5,0,50 IVY ST
1200178,SF Cart Project,15019101,535 MISSION BAY BLVD SOUTH
949952,"Santana ESG, Inc.",6754000,2598 HARRISON ST
1181503,John's Catering #5,186201,1900 03RD ST
1037688,Munch A Bunch,10293000,400 PARNASSUS AVE
1163799,"SOHOMEI, LLC",8848000,599 MASONIC AVE
1089698,El Tonayense #60,6752000,2355 FOLSOM ST
1037694,Munch A Bunch,13547000,2200 WEBSTER ST
1037691,Munch A Bunch,8137000,1144 LARKIN ST
1163796,"SOHOMEI, LLC",4614000,1580 DAVIDSON AVE
963986,Singh Brothers Ice Cream,13356000,1550 WALLACE AVE
934627,May Catering,19984000,1322 04TH ST
1181513,John's Catering #5,3309000,2157 BRYANT ST
1058991,Ruru Juice LLC,9092000,601 MISSION ST
953001,Wonder Philly,270002,960 04TH ST
1184864,Subs on Hubs,3089000,934 BRANNAN ST
963987,Singh Brothers Ice Cream,5599000,1104 FITZGERALD AVE
1163405,Julie's Hot Dogs,9121000,2365 MISSION ST
1163788,"SOHOMEI, LLC",9094000,690 MISSION ST
959619,"Kabob Trolley, LLC",267001,298 KING ST
934629,May Catering,8234000,1075 LE CONTE AVE
1219753,"Kabob Trolley, LLC",9101000,1133 MISSION ST
1090090,Tacos El Primo,13660000,345 WILLIAMS AVE
963994,Singh Brothers Ice Cream,7223000,1309 INGALLS ST
1174530,CC Acquisition LLC,13060000,560 VALENCIA ST
1242091,Quick Grub,11542000,1 BUSH ST
1037687,Munch A Bunch,784000,2222 17TH ST
953198,"Santana ESG, Inc.",11834000,200 SHOTWELL ST
1181504,John's Catering #5,6745000,2010 HARRISON ST
1163786,"SOHOMEI, LLC",144000,544 02ND ST
1037693,Munch A Bunch,24215000,1525 BRYANT ST
1181502,John's Catering #5,3081000,610 BRANNAN ST
1042438,Ruru Juice LLC,12316000,80 SUTTER ST
963983,Singh Brothers Ice Cream,7492000,3444 JENNINGS ST
1297766,Tacos Lol-Tun,2461000,1610 ARMSTRONG AVE
934626,May Catering,0,Assessors Block /Lot
1089697,El Tonayense #60,6746000,401 TREAT AVE
1163797,"SOHOMEI, LLC",3376000,1570 BURKE AVE
1163801,"SOHOMEI, LLC",5178000,730 ELLIS ST
1163795,"SOHOMEI, LLC",9058000,1240 MINNESOTA ST
1163789,"SOHOMEI, LLC",131000,85 02ND ST
963990,Singh Brothers Ice Cream,7479000,2115 JENNINGS ST
963981,Singh Brothers Ice Cream,7428000,800 JAMESTOWN AVE
1163798,"SOHOMEI, LLC",7033000,501 HOWARD ST
963996,Singh Brothers Ice Cream,7895000,1698 KIRKWOOD AVE
1181500,John's Catering #5,10460000,555 CALIFORNIA ST
1163800,"SOHOMEI, LLC",1177000,2401 22ND ST
963993,Singh Brothers Ice Cream,11783000,1207 SHAFTER AVE
1184865,Subs on Hubs,302000,400 05TH ST
1181508,John's Catering #5,8756101,1601 MARKET ST
1163785,"SOHOMEI, LLC",5073000,1652 EDDY ST
1181507,John's Catering #5,581000,164 14TH ST
1037696,Munch A Bunch,9114000,1850 MISSION ST
1090081,El Tonayanse #4 / #36,6740000,1717 HARRISON ST
963982,Singh Brothers Ice Cream,7819000,1060 KEY AVE
1163790,"SOHOMEI, LLC",12678000,Assessors Block 3902/Lot002
1495094,"Off the Grid Services, LLC",3143000,90 BROADWAY
1535609,Wu Wei LLC dba MoBowl,5875000,900 FRONT ST
1512232,"Chairman SF, LLC",147000,625 02ND ST
1513352,Brazuca Grill,12482000,640 TENNESSEE ST
1513364,Brazuca Grill,226201,6000 03RD ST
1495114,"Off the Grid Services, LLC",3080000,525 BRANNAN ST
1513029,"San Francisco Street Foods, Inc.",30735000,2 MONTGOMERY ST
1515854,Philz Coffee Truck,9306000,735 MONTGOMERY ST
1543850,Truly Food & More,107000,505 HOWARD ST
1524389,Flavors of Africa,9090000,560 MISSION ST
1513378,Brazuca Grill,8717000,1040 MARIPOSA ST
1535610,Wu Wei LLC dba MoBowl,7033000,500 HOWARD ST
1515851,Philz Coffee Truck,12323000,556 SUTTER ST
1516944,Eva's Catering,10006000,1100 ORTEGA ST
1534179,Street Meet,8121000,100 LARKIN ST
1513369,Brazuca Grill,4907000,1347 DONNER AVE
1513347,Brazuca Grill,10337002,1082 PENNSYLVANIA AVE
1513350,Brazuca Grill,11833000,131 SHOTWELL ST
1512230,"Chairman SF, LLC",5169000,34 ELLIS ST
1516950,Eva's Catering,5340000,2045 EVANS AVE
1495086,"Off the Grid Services, LLC",3143000,90 BROADWAY
1488685,El Alambre,11832000,1800 FOLSOM ST
1522420,"Halal Cart, LLC",9301000,400 MONTGOMERY ST
1535608,Wu Wei LLC dba MoBowl,4972000,253 DRUMM ST
1513033,"San Francisco Street Foods, Inc.",10625000,100 POST ST
1514028,F & C Catering,193201,2890 03RD ST
1513372,Brazuca Grill,5687000,1750 FOLSOM ST
1513345,Brazuca Grill,10332000,208 PENNSYLVANIA AVE
1516943,Eva's Catering,7236000,2600 INGALLS ST
1513083,Curry Up Now,24571000,370 DRUMM ST
1513355,Brazuca Grill,12544000,640 TEXAS ST
1515852,Philz Coffee Truck,3528000,401 CALIFORNIA ST
1515717,Treats by the Bay LLC,8737101,1 MARKET ST
1513344,Brazuca Grill,10048000,150 OTIS ST
1543852,Truly Food & More,9092000,602 MISSION ST
1516945,Eva's Catering,10006000,1900 19TH AVE
1513357,Brazuca Grill,1500000,1090 26TH ST
1516947,Eva's Catering,1009000,1650 20TH AVE
1524385,Leo's Hot Dogs,9121000,2301 MISSION ST
1513346,Brazuca Grill,10336000,700 PENNSYLVANIA AVE
1524387,Flavors of Africa,7032000,405 HOWARD ST
1515709,Zuri Food Facilities,12045000,100 SPEAR ST
1512229,"Chairman SF, LLC",3528000,400 CALIFORNIA ST
1514024,F & C Catering,0,Assessors Block /Lot
1513351,Brazuca Grill,1232000,601 23RD ST
1515708,Zuri Food Facilities,3529000,475 CALIFORNIA ST
1524388,Flavors of Africa,9090000,555 MISSION ST
1522421,"Halal Cart, LLC",8741101,455 MARKET ST
1514030,F & C Catering,9056000,900 MINNESOTA ST
1514027,F & C Catering,1403000,700 25TH ST
1513361,Brazuca Grill,196000,3150 03RD ST
1513379,Brazuca Grill,8754101,1411 MARKET ST
1529951,Bonito Poke,7165000,409 ILLINOIS ST
1513032,"San Francisco Street Foods, Inc.",30049000,5 THE EMBARCADERO
1522419,"Halal Cart, LLC",8737101,1 MARKET ST
1515859,Curry Up Now,11553000,727 SANSOME ST
1513370,Brazuca Grill,5070000,1346 EDDY ST
1514025,F & C Catering,10336000,898 PENNSYLVANIA AVE
1513371,Brazuca Grill,5204000,368 ELM ST
1522410,Faith Sandwich,8627000,58 MAIN ST
1513380,Brazuca Grill,9061000,1400 MINNESOTA ST
1513084,Curry Up Now,3422000,225 BUSH ST
1529948,Bonito Poke,107000,505 HOWARD ST
1516949,Eva's Catering,3081000,630 BRANNAN ST
1513367,Brazuca Grill,3736000,1420 CARROLL AVE
1549614,Roadside Rotisserie Corporation / Country Grill,3419000,1 BUSH ST
1534180,Street Meet,9053000,777 MARIPOSA ST
1515119,Tacos El Flaco,194101,2901 03RD ST
1535607,Wu Wei LLC dba MoBowl,13403000,370 DRUMM ST
1513031,"San Francisco Street Foods, Inc.",7038000,701 HOWARD ST
1509791,Plaza Garibaldy,9297000,1 MONTGOMERY ST
1509790,Plaza Garibaldy,7033000,540 HOWARD ST
1495092,"Off the Grid Services, LLC",254000,250 04TH ST
1513365,Brazuca Grill,2458000,1315 ARMSTRONG AVE
1513349,Brazuca Grill,11826000,133 SHIPLEY ST
1576240,Natan's Catering,8954000,151 MENDELL ST
1576374,San Francisco's Hometown Creamery,10624001,1 MONTGOMERY ST
1576232,Natan's Catering,6759001,3040 HARRISON ST
1576205,Natan's Catering,0,Assessors Block 8722/Lot003
1576215,Natan's Catering,10658000,66 POTRERO AVE
1576237,Natan's Catering,7727000,350 KANSAS ST
1576234,Natan's Catering,7164000,Assessors Block 8722/Lot001
1576224,Natan's Catering,2157202,400 ALEMANY BLVD
1576211,Natan's Catering,0,Assessors Block 5369/Lot003
1576220,Natan's Catering,1507000,Assessors Block 4281a/Lot012A
1576235,Natan's Catering,7166000,Assessors Block 3941/Lot001
1576207,Natan's Catering,0,Assessors Block 7295/Lot022
1576225,Natan's Catering,2468000,Assessors Block 4315/Lot03008
1576231,Natan's Catering,6721000,950 HARRISON ST
1345312,Shah's Halal Food,8742202,532 MARKET ST
955616,Tacos Santo Toribio,12628000,928 TOLAND ST
1367290,Star Taco,7034000,580 HOWARD ST
1336732,Quan Catering,194201,2920 03RD ST
1334819,tacos y pupusas los trinos,9158000,4384 MISSION ST
1336028,Paradise Catering,5680000,1398 FOLSOM ST
934518,Scotch Bonnet,11543000,115 SANSOME ST
934595,May Catering,5690000,2000 FOLSOM ST
1341056,Kettle Corn Star,8746103,773 MARKET ST
1336744,Quan Catering,8095000,2111 LANE ST
934601,May Catering,6751000,2301 HARRISON ST
1337439,Liang Bai Ping,13355000,1450 WALLACE AVE
934585,May Catering,13767000,620 YORK ST
934587,May Catering,699001,Assessors Block 8727/Lot005
735318,Ziaurehman Amini,30727000,5 THE EMBARCADERO
812017,SF Street Food,12320000,290 SUTTER ST
1336041,Paradise Catering,9101000,1119 MISSION ST
1336678,Mike's Catering,15024000,Assessors Block 8720/Lot009
1416733,"Off the Grid Services, LLC",11542000,1 BUSH ST
1344202,"Bay Area Dots, LLC",2846000,900 BEACH ST
934600,May Catering,193201,2800 03RD ST
1336017,Paradise Catering,185104,1455 03RD ST
1336032,Paradise Catering,6354000,65 GRACE ST
934582,May Catering,1259000,3000 23RD ST
1337428,Liang Bai Ping,10972000,1145 REVERE AVE
1366269,Golden Gate Halal Food,8751101,1169 MARKET ST
1336685,Mike's Catering,7200000,1575 INDIANA ST
1337353,Tacos Rodriguez,11542000,1 SANSOME ST
1336775,Golden Catering,4494000,601 CRESCENT AVE
934604,May Catering,9503000,Assessors Block 4347a/Lot004
1265606,"San Francisco Carts & Concessions, Inc. DBA Stanley's Steamers Hot Dogs",10628000,384 POST ST
1336674,Mike's Catering,12068000,Assessors Block 3788/Lot002
1527317,"BOWL'D ACAI, LLC.",9698000,15 MARINA BLVD
1334599,Tacos El Ojo De Agua,177000,551 03RD ST
453013,Tacos Santana,7498000,1700 JERROLD AVE
1337431,Liang Bai Ping,11782000,1127 SHAFTER AVE
1332938,Mini Mobile Food Catering,2956003,420 BERRY ST
1336036,Paradise Catering,7051000,1252 HOWARD ST
1336739,Quan Catering,3083000,722 BRANNAN ST
1336731,Quan Catering,15086000,3305 03RD ST
1336033,Paradise Catering,6699000,15 HARRIET ST
934579,May Catering,1631000,210 29TH ST
1336029,Paradise Catering,5802000,300 FRANKLIN ST
934606,May Catering,1259000,3050 23RD ST
934618,May Catering,9086000,350 MISSION ST
1526959,Kid Abelha - Brazilian Hamburgers,9504000,Assessors Block /Lot
755221,Fruteria Serrano,9167000,4650 MISSION ST
848185,Reecees Soulicious,211101,4705 03RD ST
934615,May Catering,517000,1300 BRYANT ST
848080,Taqueria Lolita,10927000,1700 EVANS AVE
1010174,Julie's Hot Dogs,9121000,2386 MISSION ST
1265597,"San Francisco Carts & Concessions, Inc. DBA Stanley's Steamers Hot Dogs",10628000,Assessors Block /Lot
627558,"Off the Grid Services, LLC",4609000,Assessors Block /Lot
1336038,Paradise Catering,9049000,786 MINNA ST
1337442,Liang Bai Ping,13780000,1420 YOSEMITE AVE
1548490,MOMO INNOVATION LLC,3527000,351 CALIFORNIA ST
1337450,Liang Bai Ping,5452000,1377 FELL ST
1336730,Quan Catering,135000,222 02ND ST
1336042,Paradise Catering,9101000,1131 MISSION ST
1332937,Mini Mobile Food Catering,2955000,355 BERRY ST
1336030,Paradise Catering,5805000,301 VAN NESS AVE
1336676,Mike's Catering,12532003,Assessors Block 8722/Lot005
364218,The Chai Cart,9543000,79 NEW MONTGOMERY ST
1544289,Cochinita,358000,1219 07TH AVE
931093,Swell Cream & Coffee,12412000,2401 36TH AVE
1336736,Quan Catering,2476000,2190 CESAR CHAVEZ ST
1511641,Lerso,9108000,1450 MISSION ST
1337430,Liang Bai Ping,10972000,1135 REVERE AVE
1336679,Mike's Catering,2477000,2323 CESAR CHAVEZ ST
1552756,Corazon Maya,9117000,2109 MISSION ST
1336040,Paradise Catering,9100000,1045 MISSION ST
934612,May Catering,13693000,166 WISCONSIN ST
934594,May Catering,13768000,720 YORK ST
934591,May Catering,13766000,501 YORK ST
997504,Munch India,10624001,Assessors Block /Lot
1337429,Liang Bai Ping,10972000,1160 REVERE AVE
1341238,Halal Cart of San Francisco,3529000,400 MONTGOMERY ST
1336031,Paradise Catering,6116000,855 GEARY ST
1332944,Mini Mobile Food Catering,6710000,355 FREMONT ST
1544285,Cochinita,142000,501 02ND ST
1337455,Liang Bai Ping,7479000,2115 JENNINGS ST
1552372,Breakfast Embed,108001,234 01ST ST
1337441,Liang Bai Ping,13779000,1335 YOSEMITE AVE
1332941,Mini Mobile Food Catering,5685000,1690 FOLSOM ST
1336729,Quan Catering,11741000,500 SELBY ST
751253,Pipo's Grill,5688000,1800 FOLSOM ST
1336738,Quan Catering,2867000,400 BEALE ST
1366268,Golden Gate Halal Food,8749101,979 MARKET ST
934573,May Catering,12626000,600 TOLAND ST
1332940,Mini Mobile Food Catering,515000,355 11TH ST
1336022,Paradise Catering,4285000,57 COLUMBIA SQUARE ST
773095,Athena SF Gyro,30747000,10 SOUTH VAN NESS AVE
934623,May Catering,12775000,2 ULLOA ST
1552671,Izzy's Cheesesteaks,2754000,255 BATTERY ST
1337926,La Jefa,12316000,80 SUTTER ST
934552,"Casey's Pizza, LLC",9093000,654 MISSION ST
1337440,Liang Bai Ping,13356000,1500 WALLACE AVE
1337432,Liang Bai Ping,12569000,1180 THOMAS AVE
934598,May Catering,1520000,3251 26TH ST
1337787,Giant Burrito,6148201,1500 GENEVA AVE
453012,Tacos Santana,3742000,2101 CARROLL AVE
1336039,Paradise Catering,9100000,1023 MISSION ST
934584,May Catering,1516000,3150 26TH ST
1544288,Cochinita,3285000,617 BRYANT ST
1336024,Paradise Catering,488000,340 10TH ST
1336735,Quan Catering,2471000,1301 CESAR CHAVEZ ST
934610,May Catering,2477000,2400 CESAR CHAVEZ ST
934517,Scotch Bonnet,9297000,25 MONTGOMERY ST
934575,May Catering,7502000,2270 JERROLD AVE
1089427,Halal Food,3524000,50 CALIFORNIA ST
1336777,Golden Catering,5374000,301 EXECUTIVE PARK BLVD
1336682,Mike's Catering,3157000,860 BROADWAY
934554,"Casey's Pizza, LLC",12045000,100 SPEAR ST
934551,"Casey's Pizza, LLC",5442000,368 FELL ST
1337448,Liang Bai Ping,4908000,1475 CARROLL AVE
934555,"Casey's Pizza, LLC",11544000,231 SANSOME ST
1337436,Liang Bai Ping,12827000,1351 UNDERWOOD AVE
1332948,Mini Mobile Food Catering,8485000,491 BAY SHORE BLVD
934619,May Catering,5372103,150 EXECUTIVE PARK BLVD
1337427,Liang Bai Ping,10808000,1031 QUESADA AVE
934620,May Catering,9050000,911 MINNA ST
1337453,Liang Bai Ping,6542000,1515 GRIFFITH ST
773105,Athena SF Gyro,417000,699 08TH ST
839523,Halal Cart of San Francisco,8741201,1 FRONT ST
1336776,Golden Catering,5372202,101 EXECUTIVE PARK BLVD
837171,Chilifruit,1346000,Assessors Block /Lot
1336733,Quan Catering,198101,3433 03RD ST
1336921,Kettle Corn Star,8747103,865 MARKET ST
1265569,"San Francisco Carts & Concessions, Inc. DBA Stanley's Steamers Hot Dogs",10678000,331 POWELL ST
1336734,Quan Catering,2107000,201 ALABAMA ST
453014,Tacos Santana,7501000,2142 JERROLD AVE
1337443,Liang Bai Ping,13780000,1430 YOSEMITE AVE
934589,May Catering,6746000,2130 HARRISON ST
1332947,Mini Mobile Food Catering,7740000,Assessors Block 4341/Lot001
1337456,Liang Bai Ping,8630000,201 FOLSOM ST
934599,May Catering,9504000,180 NAPOLEON ST
1353436,Alfaro Truck,13057001,306 VALENCIA ST
1337451,Liang Bai Ping,5862000,Assessors Block 3720/Lot001
1344178,"Expresso Subito, LLC.",5869000,150 CALIFORNIA ST
934592,May Catering,7163000,299 ILLINOIS ST
934621,May Catering,9053000,535 MINNESOTA ST
1337356,Tacos Rodriguez,9794000,2198 OAKDALE AVE
934588,May Catering,2478101,2501 CESAR CHAVEZ ST
934624,May Catering,6805000,2930 HAWES ST
1336034,Paradise Catering,6713000,575 HARRISON ST
1336681,Mike's Catering,3145000,250 BROADWAY
934597,May Catering,191101,2565 03RD ST
934613,May Catering,10659000,100 POTRERO AVE
839524,Halal Cart of San Francisco,8742101,555 MARKET ST
1336778,Golden Catering,7428000,835 JAMESTOWN AVE
1544281,Boulangerie La Camionnette,5622000,500 FLORIDA ST
1336015,Paradise Catering,0,Assessors Block /Lot
1344172,"Expresso Subito, LLC.",3525000,150 CALIFORNIA ST
1340418,Let's Be Frank,8393001,404 OCTAVIA ST
1141511,Khalid M Malik,2751000,Assessors Block /Lot
1047771,The Chef Station,4801101,425 DIVISADERO ST
934581,May Catering,10672000,1200 POTRERO AVE
1332936,Mini Mobile Food Catering,2138000,Assessors Block 3905/Lot011
1337435,Liang Bai Ping,12827000,1389 UNDERWOOD AVE
934583,May Catering,7166000,600 ILLINOIS ST
934519,Scotch Bonnet,3528000,430 CALIFORNIA ST
1336023,Paradise Catering,459000,555 09TH ST
934622,May Catering,7428000,800 JAMESTOWN AVE
1544290,Cochinita,4806101,999 DIVISADERO ST
1336020,Paradise Catering,4086000,634 CLAY ST
1534033,"Off the Grid Services, LLC",9039000,65 MINNA ST
1337449,Liang Bai Ping,4908000,1450 DONNER AVE
1337452,Liang Bai Ping,6540000,1300 GRIFFITH ST
1337354,Tacos Rodriguez,5331101,1275 EVANS AVE
934602,May Catering,6747000,2150 HARRISON ST
1332945,Mini Mobile Food Catering,6711000,401 HARRISON ST
1337444,Liang Bai Ping,2709000,1440 BANCROFT AVE
1337438,Liang Bai Ping,13139000,1337 VAN DYKE AVE
1332935,Mini Mobile Food Catering,110000,245 01ST ST
1336035,Paradise Catering,6721000,938 HARRISON ST
1336740,Quan Catering,3285000,645 BRYANT ST
934593,May Catering,697000,500 16TH ST
1336774,Golden Catering,2825101,2401 BAY SHORE BLVD
1336016,Paradise Catering,11184000,25 RUSS ST
934302,Yummy Hot Dogs,8749201,954 MARKET ST
934617,May Catering,2953000,185 BERRY ST
812018,SF Street Food,9094000,667 MISSION ST
931094,Swell Cream & Coffee,12410000,2450 TARAVAL ST
934590,May Catering,2955000,301 BERRY ST
934603,May Catering,702000,1006 16TH ST
1336037,Paradise Catering,9047000,621 MINNA ST
1336742,Quan Catering,3524000,50 CALIFORNIA ST
1336019,Paradise Catering,373000,370 07TH ST
934576,May Catering,7169000,1000 ILLINOIS ST
1265607,"San Francisco Carts & Concessions, Inc. DBA Stanley's Steamers Hot Dogs",6109000,Assessors Block /Lot
1332943,Mini Mobile Food Catering,5864000,350 FREMONT ST
1336686,Mike's Catering,9059000,1310 MINNESOTA ST
1332949,Mini Mobile Food Catering,8958000,620 MENDELL ST
1336025,Paradise Catering,4929000,45 DORE ST
840504,Taqueria Lolita,5336000,750 PHELPS ST
1336677,Mike's Catering,15024000,435 CHINA BASIN ST
1337355,Tacos Rodriguez,8958000,600 MENDELL ST
1544283,Cochinita,1329000,2601 24TH ST
1336743,Quan Catering,51657000,151 EXECUTIVE PARK BLVD
1336018,Paradise Catering,3083000,732 BRANNAN ST
934605,May Catering,718000,2500 16TH ST
1337437,Liang Bai Ping,13139000,1370 VAN DYKE AVE
934303,Yummy Hot Dogs,8749101,945 MARKET ST
1337433,Liang Bai Ping,12570000,1212 THOMAS AVE
1336737,Quan Catering,2826101,2555 BAY SHORE BLVD
1351263,Isidoro Serrano,1108000,2501 MISSION ST
934607,May Catering,792000,3030 17TH ST
735315,Ziaurehman Amini,4969000,1 CALIFORNIA ST
1337445,Liang Bai Ping,2709000,1460 BANCROFT AVE
1337457,Liang Bai Ping,9743000,2200 OFARRELL ST
1343454,Esmeli Catering,7022000,Assessors Block /Lot
1337446,Liang Bai Ping,2710000,1555 BANCROFT AVE
1515719,Treats by the Bay LLC,19987000,1550 04TH ST
1367765,Authentic India,8753101,1355 MARKET ST
934574,May Catering,8700000,2525 MARIN ST
1544287,Cochinita,3079000,490 BRANNAN ST
1344203,"Bay Area Dots, LLC",25524000,567 BAY ST
1552373,Breakfast Embed,34169000,1200 04TH ST
1337454,Liang Bai Ping,6792000,1153 SHAFTER AVE
934609,May Catering,3887000,Assessors Block 8711/Lot023
1336027,Paradise Catering,5671000,1069 FOLSOM ST
1344173,"Expresso Subito, LLC.",9091000,85 02ND ST
1400796,El Calamar Perubian Food Truck,1329000,2615 24TH ST
1337923,La Jefa,11543000,155 SANSOME ST
934611,May Catering,2477000,2300 CESAR CHAVEZ ST
1340417,Let's Be Frank,6816000,425 HAYES ST
1336680,Mike's Catering,2477000,2200 CESAR CHAVEZ ST
1447794,Street Meet,7033000,564 HOWARD ST
934614,May Catering,5340000,2090 EVANS AVE
1337920,La Jefa,19987000,1550 04TH ST
1359707,Union Square Business Improvement District,8626000,Assessors Block /Lot
934578,May Catering,2109000,380 ALABAMA ST
934580,May Catering,8234000,1098 LE CONTE AVE
1544284,Cochinita,12662000,290 TOWNSEND ST
1336683,Mike's Catering,7165000,409 ILLINOIS ST
1336026,Paradise Catering,5666000,965 FOLSOM ST
1336021,Paradise Catering,4194000,19 CLEMENTINA ST
1332946,Mini Mobile Food Catering,699001,701 16TH ST
934553,"Casey's Pizza, LLC",10624001,1 POST ST
1332939,Mini Mobile Food Catering,414000,350 08TH ST
1337434,Liang Bai Ping,12570000,1265 THOMAS AVE
1341239,Halal Cart of San Francisco,8737101,1 MARKET ST
1337447,Liang Bai Ping,2866000,300 BEALE ST
1526958,Kid Abelha - Brazilian Hamburgers,12622000,16 TOLAND ST
1336684,Mike's Catering,7198000,Assessors Block 4228/Lot080
1337786,Giant Burrito,2800102,353 BAY SHORE BLVD
934596,May Catering,2111000,501 ALABAMA ST
